condition,head,strategy,F1,balanced_acc,kappa,accuracy,support
C1,B,none,0.7896174863387978,0.5,0.0,0.7458745874587459,328
C1,C,none,0.480719794344473,0.5,0.0,0.9257425742574258,15
C1,D,none,0.5122914837576822,0.5372735372735373,0.07810393112747649,0.5643564356435643,91
C2,B,faiss,0.7906976744186046,0.503030303030303,0.008748437778968018,0.7475247524752475,328
C2,C,faiss,0.480719794344473,0.5,0.0,0.9257425742574258,15
C2,D,faiss,0.5267516617631034,0.5482625482625483,0.10092122968636796,0.5742574257425742,91
C3,B,cypher,0.7896174863387978,0.5,0.0,0.7458745874587459,328
C3,C,cypher,0.480719794344473,0.5,0.0,0.9257425742574258,15
C3,D,cypher,0.5233757682177349,0.5472725472725473,0.09905611451094298,0.5742574257425742,91
C4,B,hybrid,0.7906976744186046,0.503030303030303,0.008748437778968018,0.7475247524752475,328
C4,C,hybrid,0.480719794344473,0.5,0.0,0.9257425742574258,15
C4,D,hybrid,0.532046332046332,0.5467280467280466,0.09700955708560266,0.5693069306930693,91
C5,B,hybrid,0.7896174863387978,0.5,0.0,0.7458745874587459,328
C5,C,hybrid,0.480719794344473,0.5,0.0,0.9257425742574258,15
C5,D,hybrid,0.529978354978355,0.5492525492525493,0.1027786385703956,0.5742574257425742,91
MAJORITY,B,-,0.7896174863387978,0.5,0.0,0.7458745874587459,328
MAJORITY,C,-,0.480719794344473,0.5,0.0,0.9257425742574258,15
MAJORITY,D,-,0.3546325878594249,0.5,0.0,0.5495049504950495,91
