make,year,defects_per_tail,rel_rate,bracket
AEROSP,2000,7.421052631578948,1.3310487521013838,high
AEROSP,2001,6.675,1.1972358722358722,high
AEROSP,2002,4.955056179775281,0.8887447202053944,medium
AEROSP,2003,5.575342465753424,1.0,medium
AEROSP,2004,4.7407407407407405,0.8503048503048504,medium
AEROSP,2005,4.371428571428571,0.784064584064584,low
AEROSP,2006,4.737704918032787,0.8497603415636202,medium
AEROSP,2007,10.325581395348838,1.8520084566596198,high
AEROSP,2008,4.565217391304348,0.8188227753445145,low
AEROSP,2009,4.626865671641791,0.8298800836114268,low
AEROSP,2010,7.566666666666666,1.3571662571662573,high
AEROSP,2011,9.573333333333334,1.7170843570843572,high
AEROSP,2012,9.096774193548388,1.6316081477371802,high
AEROSP,2013,6.86,1.2304176904176904,high
AEROSP,2014,9.805555555555555,1.7587360087360089,high
AEROSP,2015,10.766666666666667,1.9311220311220314,high
AEROSP,2016,17.125,3.071560196560197,high
AEROSP,2017,10.392857142857142,1.8640751140751142,high
AEROSP,2018,12.55,2.2509828009828015,high
AEROSP,2019,14.956521739130435,2.6826193782715526,high
AEROSP,2020,4.633333333333334,0.8310401310401312,low
AEROSP,2021,2.0434782608695654,0.366520670868497,low
AEROSP,2022,3.875,0.6950245700245701,low
AEROSP,2023,3.5625,0.6389742014742015,low
AEROSP,2024,2.7419354838709675,0.4917967821193628,low
AEROSP,2025,3.0,0.5380835380835381,low
AEROSP,2026,3.0,0.5380835380835381,low
AIRBUS,2000,3.081272084805654,0.3960011881462518,low
AIRBUS,2001,3.028391167192429,0.3892049995498715,low
AIRBUS,2002,2.9547872340425534,0.37974551522736755,low
AIRBUS,2003,3.788968824940048,0.486953477404448,low
AIRBUS,2004,4.480885311871227,0.5758777084951956,low
AIRBUS,2005,4.972677595628415,0.6390822303059621,low
AIRBUS,2006,5.351097178683386,0.6877162361266552,low
AIRBUS,2007,7.780966767371601,1.0,medium
AIRBUS,2008,7.229916897506925,0.9291797682293893,medium
AIRBUS,2009,6.461103253182461,0.8303728118048513,low
AIRBUS,2010,9.128440366972477,1.1731756014241468,high
AIRBUS,2011,11.285377358490566,1.4503824133800727,high
AIRBUS,2012,10.926052332195678,1.4042024158247988,high
AIRBUS,2013,12.027203482045701,1.545720967795429,high
AIRBUS,2014,8.157472417251755,1.0483880295516719,medium
AIRBUS,2015,7.368893320039881,0.9470408421406331,medium
AIRBUS,2016,7.255941499085923,0.9325244170830675,medium
AIRBUS,2017,9.079326923076923,1.1668636037811926,high
AIRBUS,2018,8.77023901310717,1.1271400168272077,high
AIRBUS,2019,8.417434443656981,1.0817980201321922,medium
AIRBUS,2020,6.482008995502249,0.8330595913458531,low
AIRBUS,2021,8.308724832214764,1.0678267984713985,medium
AIRBUS,2022,7.834305717619603,1.0068550543708363,medium
AIRBUS,2023,7.84726867335563,1.0085210370338626,medium
AIRBUS,2024,8.721958925750394,1.1209351211117766,medium
AIRBUS,2025,8.720164609053498,1.1207045178010901,medium
AIRBUS,2026,4.597411933860532,0.590853562456935,low
AMD,2000,1.8064516129032258,1.1253305129561078,high
AMD,2001,1.8611111111111112,1.1593806921675773,high
AMD,2002,1.8909090909090909,1.1779433681073024,high
AMD,2003,1.7547169811320755,1.093102381688834,medium
AMD,2004,1.6911764705882353,1.053519768563163,medium
AMD,2005,1.76,1.0963934426229507,medium
AMD,2006,1.9074074074074074,1.188221007893139,high
AMD,2007,1.5769230769230769,0.9823455233291298,medium
AMD,2008,1.9387755102040816,1.2077617932418867,high
AMD,2009,1.302325581395349,0.8112847884102173,low
AMD,2010,1.605263157894737,1.0,medium
AMD,2011,1.829268292682927,1.139544182327069,high
AMD,2012,1.9333333333333333,1.2043715846994534,high
AMD,2013,1.59375,0.992827868852459,medium
AMD,2014,1.8043478260869565,1.1240199572344975,high
AMD,2015,1.825,1.1368852459016392,high
AMD,2016,1.5,0.9344262295081966,medium
AMD,2017,1.2307692307692308,0.7667087011349306,low
AMD,2018,1.3333333333333333,0.8306010928961748,low
AMD,2019,1.4375,0.8954918032786885,medium
AMD,2020,1.3333333333333333,0.8306010928961748,low
AMD,2021,1.4230769230769231,0.8865069356872636,medium
AMD,2022,1.3888888888888888,0.8652094717668487,medium
AMD,2023,1.1666666666666667,0.726775956284153,low
AMD,2024,1.0833333333333333,0.6748633879781419,low
AMD,2025,1.0769230769230769,0.6708701134930642,low
AMD,2026,1.6666666666666667,1.0382513661202186,medium
BAC,2000,4.457142857142857,1.0,medium
BAC,2001,4.75,1.0657051282051282,medium
BAC,2002,4.930232558139535,1.1061419200954083,medium
BAC,2003,5.553191489361702,1.2459083469721768,high
BAC,2004,7.914893617021277,1.7757774140752864,high
BAC,2005,5.864864864864865,1.3158350658350657,high
BAC,2006,3.869565217391304,0.8681716833890747,medium
BAC,2015,1.6666666666666667,0.37393162393162394,low
BAC,2016,1.2,0.2692307692307692,low
BAC,2018,1.25,0.28044871794871795,low
BAC,2019,1.6666666666666667,0.37393162393162394,low
BAG,2000,4.471698113207547,1.4905660377358492,high
BAG,2001,4.171428571428572,1.3904761904761906,high
BAG,2002,2.85,0.9500000000000001,medium
BAG,2003,3.5,1.1666666666666667,high
BAG,2004,2.8181818181818183,0.9393939393939394,medium
BAG,2005,3.5384615384615383,1.1794871794871795,high
BAG,2006,2.3076923076923075,0.7692307692307692,low
BAG,2007,5.333333333333333,1.7777777777777777,high
BAG,2008,3.0,1.0,medium
BAG,2015,1.2,0.39999999999999997,low
BAG,2017,1.3333333333333333,0.4444444444444444,low
BEECH,2000,2.3265895953757227,0.9188670970063653,medium
BEECH,2001,2.597142857142857,1.0257198443579767,medium
BEECH,2002,2.7018970189701896,1.0670916242236352,medium
BEECH,2003,2.914772727272727,1.1511651043509021,high
BEECH,2004,2.4545454545454546,0.9694021931376018,medium
BEECH,2005,2.672316384180791,1.0554089999780167,medium
BEECH,2006,2.6852367688022283,1.0605117977954326,medium
BEECH,2007,3.228739002932551,1.2751634583566303,high
BEECH,2008,2.629343629343629,1.0384372699547797,medium
BEECH,2009,3.5018867924528303,1.3830408927391529,high
BEECH,2010,3.062730627306273,1.2095998391890534,high
BEECH,2011,4.01937984496124,1.5874204446053148,high
BEECH,2012,2.9965156794425085,1.1834487994685394,high
BEECH,2013,3.229665071770335,1.2755292014968445,high
BEECH,2014,2.8348214285714284,1.1195890077821011,medium
BEECH,2015,2.5320197044334973,1.0,medium
BEECH,2016,1.6022099447513811,0.6327794139776856,low
BEECH,2017,1.6132596685082874,0.6371434099361525,low
BEECH,2018,1.393103448275862,0.5501945525291829,low
BEECH,2019,1.669172932330827,0.6592258857259882,low
BEECH,2020,1.2295081967213115,0.4855839765261211,low
BEECH,2021,1.4511278195488722,0.5731107925455663,low
BEECH,2022,1.125,0.4443093385214008,low
BEECH,2023,1.3603603603603605,0.53726294387773,low
BEECH,2024,1.2589285714285714,0.4972033073929961,low
BEECH,2025,1.2873563218390804,0.5084306095979249,low
BEECH,2026,1.0689655172413792,0.42217898832684825,low
BOEING,2000,6.695899309784815,0.6610338591947522,low
BOEING,2001,6.976003147128245,0.6886863240852878,low
BOEING,2002,6.3818346136466335,0.6300287038720505,low
BOEING,2003,5.690423162583519,0.5617710496507862,low
BOEING,2004,6.3260286225402504,0.6245194140872813,low
BOEING,2005,6.953488372093023,0.6864636161349629,low
BOEING,2006,8.379890618426588,0.827281172976068,low
BOEING,2007,9.531224322103533,0.9409433602569304,medium
BOEING,2008,10.71440329218107,1.0577493820508215,medium
BOEING,2009,11.58245908518674,1.1434457529637436,high
BOEING,2010,11.861319966583125,1.1709755105182709,high
BOEING,2011,12.88066640836885,1.2716076259512779,high
BOEING,2012,12.612237093690249,1.245107695532118,high
BOEING,2013,13.37376531015409,1.3202874305498131,high
BOEING,2014,10.2936,1.0162067585251329,medium
BOEING,2015,10.12943469785575,1.0,medium
BOEING,2016,9.632369508073602,0.9509286347551685,medium
BOEING,2017,9.868714141073237,0.9742610950601515,medium
BOEING,2018,10.977077363896848,1.0836811422675474,medium
BOEING,2019,11.851628895184136,1.1700187867041534,high
BOEING,2020,9.67403314917127,0.9550417607429879,medium
BOEING,2021,10.883880274071403,1.074480521245214,medium
BOEING,2022,10.906472491909385,1.0767108745188043,medium
BOEING,2023,10.745373134328359,1.0608067927623832,medium
BOEING,2024,10.153019744483158,1.0023283675082482,medium
BOEING,2025,9.481267217630855,0.9360114853830784,medium
BOEING,2026,4.839581831290555,0.4777741281371825,low
BOMBDR,2000,2.25,0.2314502529510961,low
BOMBDR,2001,1.1666666666666667,0.12001124227093873,low
BOMBDR,2002,16.14814814814815,1.6611079882580726,high
BOMBDR,2003,29.40909090909091,3.0252184577648324,high
BOMBDR,2004,17.916666666666668,1.8430297920179877,high
BOMBDR,2005,19.692307692307693,2.025684265144636,high
BOMBDR,2006,44.57575757575758,4.585364607287036,high
BOMBDR,2007,18.3125,1.883747892074199,high
BOMBDR,2008,9.721311475409836,1.0,medium
BOMBDR,2009,10.686567164179104,1.0992927437013917,medium
BOMBDR,2010,10.647887323943662,1.0953138731206802,medium
BOMBDR,2011,16.41747572815534,1.6888128489333485,high
BOMBDR,2012,20.21904761904762,2.0798683048261464,high
BOMBDR,2013,19.363636363636363,1.9918749041851909,high
BOMBDR,2014,14.065420560747663,1.4468645096215977,high
BOMBDR,2015,12.861386138613861,1.3230093667039553,high
BOMBDR,2016,9.221153846153847,0.9485503956414582,medium
BOMBDR,2017,6.420634920634921,0.660470033994486,low
BOMBDR,2018,5.410526315789474,0.5565634152835714,low
BOMBDR,2019,7.201612903225806,0.7408067236033291,low
BOMBDR,2020,4.0476190476190474,0.41636553440937923,low
BOMBDR,2021,3.4609929078014185,0.3560211928767058,low
BOMBDR,2022,3.011764705882353,0.3098105346691796,low
BOMBDR,2023,3.216867469879518,0.33090879538389645,low
BOMBDR,2024,4.813253012048193,0.49512383429163537,low
BOMBDR,2025,4.575757575757576,0.4706934437119935,low
BOMBDR,2026,2.7625,0.2841694772344014,low
BRAERO,2000,2.357142857142857,1.1092436974789917,medium
BRAERO,2001,2.3846153846153846,1.1221719457013575,medium
BRAERO,2002,2.4166666666666665,1.1372549019607843,high
BRAERO,2003,1.7941176470588236,0.8442906574394464,low
BRAERO,2004,1.9393939393939394,0.912655971479501,medium
BRAERO,2005,2.2222222222222223,1.0457516339869282,medium
BRAERO,2006,2.210526315789474,1.0402476780185759,medium
BRAERO,2007,4.111111111111111,1.9346405228758168,high
BRAERO,2008,1.5263157894736843,0.7182662538699691,low
BRAERO,2009,2.0,0.9411764705882353,medium
BRAERO,2010,1.6666666666666667,0.7843137254901961,low
BRAERO,2011,3.6,1.6941176470588235,high
BRAERO,2012,1.7777777777777777,0.8366013071895424,low
BRAERO,2013,2.6,1.223529411764706,high
BRAERO,2014,2.625,1.2352941176470589,high
BRAERO,2015,2.125,1.0,medium
BRAERO,2018,1.2,0.5647058823529412,low
BRAERO,2021,1.3333333333333333,0.6274509803921569,low
BRAERO,2022,1.0,0.47058823529411764,low
CESSNA,2000,2.295801526717557,1.1403817627254242,high
CESSNA,2001,2.20040899795501,1.0929979192898795,medium
CESSNA,2002,2.1491053677932404,1.0675141291986074,medium
CESSNA,2003,2.1336805555555554,1.0598522410237747,medium
CESSNA,2004,1.919175911251981,0.9533024449996195,medium
CESSNA,2005,2.295839753466872,1.1404007509033043,high
CESSNA,2006,2.1927710843373496,1.0892039774819804,medium
CESSNA,2007,2.350584307178631,1.167593733369298,high
CESSNA,2008,2.510600706713781,1.2470778619593563,high
CESSNA,2009,2.1640488656195465,1.074936936524993,medium
CESSNA,2010,1.86654478976234,0.927159256923433,medium
CESSNA,2011,1.9645868465430016,0.975859186874526,medium
CESSNA,2012,2.0431778929188256,1.0148973158057486,medium
CESSNA,2013,2.1226765799256504,1.0543862924303176,medium
CESSNA,2014,2.0020242914979756,0.9944552976327281,medium
CESSNA,2015,2.002159827213823,0.9945226215963859,medium
CESSNA,2016,1.8815261044176708,0.9346008488100875,medium
CESSNA,2017,1.6029106029106028,0.7962055942405287,low
CESSNA,2018,1.6700507614213198,0.829555782147053,low
CESSNA,2019,1.7670886075949368,0.8777568956939915,medium
CESSNA,2020,1.5985401459854014,0.7940346795014821,low
CESSNA,2021,1.963265306122449,0.9752027448533999,medium
CESSNA,2022,2.013186813186813,1.0,medium
CESSNA,2023,2.0504201680672267,1.0184947341381967,medium
CESSNA,2024,1.9114688128772637,0.9494741374008242,medium
CESSNA,2025,2.3025641025641024,1.1437409024745269,high
CESSNA,2026,1.488599348534202,0.7394243488898056,low
CNDAIR,2000,7.969298245614035,0.9610595525736988,medium
CNDAIR,2001,5.902777777777778,0.711846990188279,low
CNDAIR,2002,5.447916666666667,0.6569928985914175,low
CNDAIR,2003,5.121478873239437,0.6176260497139796,low
CNDAIR,2004,5.310204081632653,0.6403854143089217,low
CNDAIR,2005,6.638761467889908,0.8006031308321537,low
CNDAIR,2006,8.29220023282887,1.0,medium
CNDAIR,2007,7.03183962264151,0.848006491064026,low
CNDAIR,2008,5.9597238204833145,0.7187144127186814,low
CNDAIR,2009,7.17116060961313,0.8648079409880218,medium
CNDAIR,2010,8.251059322033898,0.995038601379632,medium
CNDAIR,2011,13.18338399189463,1.5898535517390828,high
CNDAIR,2012,9.87012987012987,1.1902908266799888,high
CNDAIR,2013,10.822175732217573,1.3051030400077068,high
CNDAIR,2014,11.728971962616823,1.4144583624719713,high
CNDAIR,2015,10.046740467404675,1.2115892266602015,high
CNDAIR,2016,10.678743961352657,1.287805849052637,high
CNDAIR,2017,7.581658291457287,0.914312013528262,medium
CNDAIR,2018,6.964285714285714,0.8398598102725577,low
CNDAIR,2019,9.567785234899329,1.1538294983544186,high
CNDAIR,2020,15.02377179080824,1.81179558729528,high
CNDAIR,2021,17.6048632218845,2.123062966109615,high
CNDAIR,2022,10.184385382059801,1.2281885502161125,high
CNDAIR,2023,8.313278008298756,1.0025418797035843,medium
CNDAIR,2024,9.195035460992909,1.1088776443904127,medium
CNDAIR,2025,11.201818181818181,1.3508861179533649,high
CNDAIR,2026,5.417721518987341,0.653351507063053,low
CURTIS,2002,1.0,1.0,medium
CURTIS,2013,1.0,1.0,medium
CVAC,2000,2.125,0.8173076923076923,low
CVAC,2001,2.142857142857143,0.8241758241758241,low
CVAC,2002,2.857142857142857,1.098901098901099,medium
CVAC,2003,1.7692307692307692,0.680473372781065,low
CVAC,2004,3.8181818181818183,1.4685314685314685,high
CVAC,2005,2.7,1.0384615384615385,medium
CVAC,2006,2.0,0.7692307692307692,low
CVAC,2007,2.5,0.9615384615384615,medium
CVAC,2008,3.1,1.1923076923076923,high
CVAC,2009,4.2,1.6153846153846154,high
CVAC,2010,3.4,1.3076923076923077,high
CVAC,2011,2.857142857142857,1.098901098901099,medium
CVAC,2012,3.3333333333333335,1.2820512820512822,high
CVAC,2013,3.857142857142857,1.4835164835164836,high
CVAC,2014,4.5,1.7307692307692306,high
CVAC,2015,5.375,2.067307692307692,high
CVAC,2016,1.375,0.5288461538461539,low
CVAC,2017,1.0,0.3846153846153846,low
CVAC,2018,1.3333333333333333,0.5128205128205128,low
CVAC,2019,3.75,1.4423076923076923,high
CVAC,2020,1.5,0.5769230769230769,low
CVAC,2021,1.5,0.5769230769230769,low
CVAC,2022,1.3333333333333333,0.5128205128205128,low
CVAC,2023,1.0,0.3846153846153846,low
DHAV,2000,8.815286624203821,1.2494881710646042,high
DHAV,2001,9.322222222222223,1.321341765873016,high
DHAV,2002,12.139240506329115,1.7206289556962027,high
DHAV,2003,8.192592592592593,1.161226851851852,high
DHAV,2004,6.3076923076923075,0.8940590659340659,medium
DHAV,2005,7.05511811023622,1.0,medium
DHAV,2006,13.60431654676259,1.9282904033915724,high
DHAV,2007,9.544827586206896,1.3528940886699508,high
DHAV,2008,7.697247706422019,1.091016136959371,medium
DHAV,2009,5.605504587155964,0.7945302260812582,low
DHAV,2010,6.327272727272727,0.8968344155844156,medium
DHAV,2011,10.39423076923077,1.4732894059065935,high
DHAV,2012,11.435185185185185,1.6208354001322751,high
DHAV,2013,11.333333333333334,1.6063988095238095,high
DHAV,2014,8.802083333333334,1.2476167224702381,high
DHAV,2015,10.034090909090908,1.4222427962662336,high
DHAV,2016,7.1375,1.0116768973214285,medium
DHAV,2017,5.573170731707317,0.7899471907665505,low
DHAV,2018,5.948717948717949,0.8431776556776557,low
DHAV,2019,6.714285714285714,0.9516900510204082,medium
DHAV,2020,3.7142857142857144,0.5264668367346939,low
DHAV,2021,3.111111111111111,0.4409722222222222,low
DHAV,2022,3.0526315789473686,0.43268327067669177,low
DHAV,2023,3.8947368421052633,0.5520441729323309,low
DHAV,2024,1.4545454545454546,0.20616883116883117,low
DHAV,2025,2.125,0.3011997767857143,low
DHAV,2026,1.0,0.14174107142857142,low
DORNER,2000,6.1395348837209305,2.7286821705426356,high
DORNER,2001,5.666666666666667,2.5185185185185186,high
DORNER,2002,6.2,2.7555555555555555,high
DORNER,2003,4.894736842105263,2.1754385964912277,high
DORNER,2004,3.183333333333333,1.4148148148148147,high
DORNER,2005,4.461538461538462,1.982905982905983,high
DORNER,2006,2.6666666666666665,1.1851851851851851,high
DORNER,2007,2.6,1.1555555555555557,high
DORNER,2008,2.0,0.8888888888888888,medium
DORNER,2009,1.5555555555555556,0.691358024691358,low
DORNER,2010,3.0,1.3333333333333333,high
DORNER,2011,2.0,0.8888888888888888,medium
DORNER,2012,2.6666666666666665,1.1851851851851851,high
DORNER,2013,2.25,1.0,medium
DORNER,2014,1.8333333333333333,0.8148148148148148,low
DORNER,2015,1.3333333333333333,0.5925925925925926,low
DORNER,2016,2.0,0.8888888888888888,medium
DORNER,2019,2.0,0.8888888888888888,medium
DORNER,2020,1.25,0.5555555555555556,low
DORNER,2021,1.3333333333333333,0.5925925925925926,low
DORNER,2024,1.3333333333333333,0.5925925925925926,low
DOUG,2000,10.938807126258714,1.1012432206444045,medium
DOUG,2001,8.160655737704918,0.8215582104548987,low
DOUG,2002,7.1024667931688805,0.7150270880134216,low
DOUG,2003,7.491820040899795,0.7542244721112067,low
DOUG,2004,8.906806282722513,0.8966754713953784,medium
DOUG,2005,7.785114045618247,0.783751277970733,low
DOUG,2006,7.663329161451815,0.7714908206359196,low
DOUG,2007,7.432835820895522,0.7482863500056641,low
DOUG,2008,8.302176696542894,0.8358055588815201,low
DOUG,2009,9.12863070539419,0.9190072155079645,medium
DOUG,2010,9.252287581699347,0.9314561320255823,medium
DOUG,2011,9.933143669985775,1.0,medium
DOUG,2012,9.513056835637482,0.957708571595754,medium
DOUG,2013,8.606583072100314,0.8664510811523014,medium
DOUG,2014,10.255536626916525,1.032456286513292,medium
DOUG,2015,14.052919708029197,1.4147504732556961,high
DOUG,2016,15.875763747454176,1.5982617663554757,high
DOUG,2017,13.419501133786849,1.350982285128477,high
DOUG,2018,10.910025706940875,1.098345706999776,medium
DOUG,2019,11.578073089700997,1.165600083353831,high
DOUG,2020,15.193548387096774,1.529581056298014,high
DOUG,2021,19.33076923076923,1.9460877515725004,high
DOUG,2022,14.128,1.4223090362308464,high
DOUG,2023,12.137254901960784,1.2218946292536776,high
DOUG,2024,10.337662337662337,1.0407241333777206,medium
DOUG,2025,14.853333333333333,1.4953305647047592,high
DOUG,2026,3.0,0.30201918946011747,low
EMB,2000,5.142028985507246,0.9137479957159396,medium
EMB,2001,5.627403846153846,1.0,medium
EMB,2002,5.943600867678959,1.0561887915226174,medium
EMB,2003,5.201773835920178,0.9243647653749655,medium
EMB,2004,4.963604852686308,0.8820416995803094,medium
EMB,2005,3.791935483870968,0.6738339005939012,low
EMB,2006,4.240822320117474,0.7536019159200639,low
EMB,2007,4.813753581661891,0.8554128534691785,medium
EMB,2008,3.7975376196990425,0.6748294104206757,low
EMB,2009,4.974093264248705,0.883905509580291,medium
EMB,2010,6.12987012987013,1.089289181557443,medium
EMB,2011,6.133819951338199,1.0899910720874375,medium
EMB,2012,7.674019607843137,1.3636873801207796,high
EMB,2013,8.31919905771496,1.4783369534427266,high
EMB,2014,8.282685512367491,1.471848429365603,high
EMB,2015,7.347066167290887,1.3055871531794143,high
EMB,2016,6.408505154639175,1.13880313726181,high
EMB,2017,5.478260869565218,0.9734970191111195,medium
EMB,2018,6.357142857142857,1.1296759626533228,high
EMB,2019,6.530454042081949,1.1604736785587744,high
EMB,2020,5.2100737100737105,0.9258396682574386,medium
EMB,2021,5.738035264483627,1.019659406247411,medium
EMB,2022,5.487405541561713,0.9751220441220302,medium
EMB,2023,5.121827411167513,0.9101581388490754,medium
EMB,2024,6.119383825417201,1.0874257459946843,medium
EMB,2025,6.0864928909952605,1.0815809665331177,medium
EMB,2026,4.011881188118812,0.7129186562398231,low
FOKKER,2000,24.633333333333333,6.158333333333333,high
FOKKER,2001,12.14655172413793,3.0366379310344827,high
FOKKER,2002,8.796296296296296,2.199074074074074,high
FOKKER,2003,2.156862745098039,0.5392156862745098,low
FOKKER,2004,3.0869565217391304,0.7717391304347826,low
FOKKER,2005,14.125,3.53125,high
FOKKER,2006,2.75,0.6875,low
FOKKER,2007,4.0,1.0,medium
FOKKER,2008,3.5,0.875,medium
FRCHLD,2000,14.5,5.4375,high
FRCHLD,2001,2.6666666666666665,1.0,medium
FRCHLD,2002,1.5,0.5625,low
FRCHLD,2003,4.375,1.640625,high
FRCHLD,2004,1.5555555555555556,0.5833333333333334,low
FRCHLD,2005,1.5,0.5625,low
FRCHLD,2006,3.25,1.21875,high
FRCHLD,2007,4.5,1.6875,high
FRCHLD,2010,2.75,1.03125,medium
FRCHLD,2011,7.666666666666667,2.8750000000000004,high
FRCHLD,2012,3.25,1.21875,high
FRCHLD,2013,3.2857142857142856,1.2321428571428572,high
FRCHLD,2015,3.0,1.125,high
FRCHLD,2019,1.0,0.375,low
FRCHLD,2020,1.1428571428571428,0.42857142857142855,low
FRCHLD,2021,1.25,0.46875,low
FRCHLD,2022,1.0,0.375,low
FRCHLD,2024,1.6666666666666667,0.6250000000000001,low
FRCHLD,2025,1.6666666666666667,0.6250000000000001,low
GULSTM,2000,1.9821428571428572,1.2173790776152982,high
GULSTM,2001,1.7636363636363637,1.083178239083751,medium
GULSTM,2002,1.6037735849056605,0.9849948001782797,medium
GULSTM,2003,2.0,1.2283464566929134,high
GULSTM,2004,1.4788732394366197,0.9082843517799712,medium
GULSTM,2005,1.951219512195122,1.1983867870174765,high
GULSTM,2006,1.8125,1.1131889763779528,medium
GULSTM,2007,1.7816091954022988,1.094216671191963,medium
GULSTM,2008,2.037974683544304,1.2516694906807537,high
GULSTM,2009,1.9428571428571428,1.1932508436445444,high
GULSTM,2010,1.608695652173913,0.9880178021225609,medium
GULSTM,2011,1.6704545454545454,1.025948460987831,medium
GULSTM,2012,1.7261904761904763,1.0601799775028122,medium
GULSTM,2013,1.6282051282051282,1.0,medium
GULSTM,2014,1.3768115942028984,0.8456008216364258,low
GULSTM,2015,1.3548387096774193,0.8321056642113284,low
GULSTM,2016,2.3773584905660377,1.4601099390878027,high
GULSTM,2017,2.4893617021276597,1.5288993131177753,high
GULSTM,2018,1.8837209302325582,1.1569309650247208,high
GULSTM,2019,1.4,0.8598425196850393,medium
GULSTM,2020,1.2439024390243902,0.7639715767236412,low
GULSTM,2021,1.4473684210526316,0.8889349357646084,medium
GULSTM,2022,1.2054794520547945,0.7403732067738108,low
GULSTM,2023,1.0925925925925926,0.6710411198600175,low
GULSTM,2024,1.1590909090909092,0.711882605583393,low
GULSTM,2025,1.186046511627907,0.7284380150155649,low
GULSTM,2026,1.0769230769230769,0.6614173228346456,low
JETAIR,2000,5.407407407407407,1.1450980392156862,high
JETAIR,2001,4.592592592592593,0.9725490196078431,medium
JETAIR,2002,4.722222222222222,1.0,medium
JETAIR,2003,5.25,1.111764705882353,medium
JETAIR,2004,4.204545454545454,0.890374331550802,medium
JETAIR,2005,5.37037037037037,1.1372549019607843,high
JETAIR,2006,3.272727272727273,0.693048128342246,low
LEAR,2000,1.5342465753424657,0.9834913944502984,medium
LEAR,2001,1.35,0.8653846153846154,medium
LEAR,2002,1.8617021276595744,1.1933987997817785,high
LEAR,2003,1.6494845360824741,1.0573618821041502,medium
LEAR,2004,2.09,1.3397435897435896,high
LEAR,2005,1.9555555555555555,1.2535612535612535,high
LEAR,2006,1.6274509803921569,1.0432378079436904,medium
LEAR,2007,1.56,1.0,medium
LEAR,2008,1.6779661016949152,1.0756192959582789,medium
LEAR,2009,1.5857142857142856,1.0164835164835164,medium
LEAR,2010,1.4210526315789473,0.9109311740890688,medium
LEAR,2011,1.876923076923077,1.2031558185404339,high
LEAR,2012,1.5822784810126582,1.0142810775722169,medium
LEAR,2013,1.65,1.0576923076923077,medium
LEAR,2014,1.8833333333333333,1.2072649572649572,high
LEAR,2015,1.7619047619047619,1.1294261294261294,high
LEAR,2016,1.2820512820512822,0.821827744904668,low
LEAR,2017,1.375,0.8814102564102564,medium
LEAR,2018,1.5272727272727273,0.9790209790209791,medium
LEAR,2019,1.8604651162790697,1.1926058437686344,high
LEAR,2020,1.1896551724137931,0.7625994694960212,low
LEAR,2021,1.543859649122807,0.9896536212325685,medium
LEAR,2022,1.4181818181818182,0.9090909090909091,medium
LEAR,2023,1.1081081081081081,0.7103257103257103,low
LEAR,2024,1.15625,0.7411858974358974,low
LEAR,2025,1.28,0.8205128205128205,low
LEAR,2026,1.2272727272727273,0.7867132867132867,low
LKHEED,2000,8.225806451612904,0.5423608649415101,low
LKHEED,2001,9.392857142857142,0.619309262166405,low
LKHEED,2002,8.515151515151516,0.5614385614385615,low
LKHEED,2003,8.533333333333333,0.5626373626373626,low
LKHEED,2004,10.4375,0.6881868131868132,low
LKHEED,2005,15.1875,1.0013736263736264,medium
LKHEED,2006,22.5,1.4835164835164836,high
LKHEED,2007,16.76923076923077,1.1056635672020287,medium
LKHEED,2008,11.25,0.7417582417582418,low
LKHEED,2009,18.0,1.1868131868131868,high
LKHEED,2010,13.214285714285714,0.8712715855572998,medium
LKHEED,2011,7.75,0.5109890109890111,low
LKHEED,2012,15.166666666666666,1.0,medium
LKHEED,2013,45.666666666666664,3.010989010989011,high
LKHEED,2014,6.0,0.39560439560439564,low
LKHEED,2015,18.833333333333332,1.2417582417582418,high
LKHEED,2016,19.09090909090909,1.2587412587412588,high
LKHEED,2017,12.923076923076923,0.8520710059171598,medium
LKHEED,2018,21.125,1.392857142857143,high
LKHEED,2019,68.5,4.516483516483516,high
LKHEED,2020,30.916666666666668,2.0384615384615388,high
LKHEED,2021,43.4,2.8615384615384616,high
LKHEED,2022,16.5,1.087912087912088,medium
LKHEED,2023,8.5,0.5604395604395604,low
LKHEED,2024,36.7,2.41978021978022,high
LKHEED,2025,10.1,0.6659340659340659,low
LKHEED,2026,4.0,0.26373626373626374,low
PIPER,2000,2.44954128440367,1.283716822842565,high
PIPER,2001,2.5244444444444443,1.3229708853238265,high
PIPER,2002,2.5391304347826087,1.3306672866775169,high
PIPER,2003,2.1075697211155378,1.1045017789803353,medium
PIPER,2004,2.081730769230769,1.0909605100781572,medium
PIPER,2005,2.0373831775700935,1.067719526213204,medium
PIPER,2006,1.821656050955414,0.9546646684151368,medium
PIPER,2007,1.9838709677419355,1.0396756943246508,medium
PIPER,2008,1.9081632653061225,1.0,medium
PIPER,2009,2.1885245901639343,1.1469273253265537,high
PIPER,2010,2.0925925925925926,1.0966528025351554,medium
PIPER,2011,1.945736434108527,1.0196907515648965,medium
PIPER,2012,2.1319444444444446,1.1172756981580512,medium
PIPER,2013,1.9375,1.0153743315508021,medium
PIPER,2014,1.8625954198473282,0.9761195248397763,medium
PIPER,2015,2.0392156862745097,1.0686798783684597,medium
PIPER,2016,1.4726027397260273,0.7717383341879716,low
PIPER,2017,1.5793650793650793,0.8276886512180629,low
PIPER,2018,1.3306451612903225,0.6973434535104364,low
PIPER,2019,1.4266666666666667,0.7476648841354724,low
PIPER,2020,1.0705882352941176,0.5610569361434413,low
PIPER,2021,1.3106796116504855,0.6868802242874202,low
PIPER,2022,1.4132231404958677,0.7406196137358023,low
PIPER,2023,1.5391304347826087,0.8066031155545222,low
PIPER,2024,1.2907801418439717,0.6764516251374825,low
PIPER,2025,1.3015873015873016,0.6821152703505645,low
PIPER,2026,1.4523809523809523,0.7611408199643493,low
SAAB,2000,4.637860082304527,1.394091537510005,high
SAAB,2001,5.271028037383178,1.584415107504177,high
SAAB,2002,3.553921568627451,1.068271119842829,medium
SAAB,2003,3.326797385620915,1.0,medium
SAAB,2004,5.277027027027027,1.586218340147613,high
SAAB,2005,4.395161290322581,1.3211388554407757,high
SAAB,2006,6.008,1.8059410609037327,high
SAAB,2007,4.145161290322581,1.2459915077001078,high
SAAB,2008,2.854368932038835,0.8579930188643257,medium
SAAB,2009,2.6029411764705883,0.7824165029469548,low
SAAB,2010,3.7746478873239435,1.1346191095492404,high
SAAB,2011,4.344262295081967,1.3058391574607877,high
SAAB,2012,2.441860465116279,0.733997350025129,low
SAAB,2013,2.630434782608696,0.7906807892713761,low
SAAB,2014,2.6666666666666665,0.8015717092337916,low
SAAB,2015,4.0754716981132075,1.2250435556214552,high
SAAB,2016,4.044444444444444,1.2157170923379175,high
SAAB,2017,2.888888888888889,0.868369351669941,medium
SAAB,2018,3.5348837209302326,1.062548544798282,medium
SAAB,2019,4.096774193548387,1.231446859750301,high
SAAB,2020,1.3571428571428572,0.4079427448779119,low
SAAB,2021,1.75,0.5260314341846758,low
SAAB,2022,2.125,0.6387524557956777,low
SAAB,2023,1.8333333333333333,0.5510805500982318,low
SAAB,2024,2.1666666666666665,0.6512770137524557,low
SAAB,2025,1.8,0.5410609037328095,low
SAAB,2026,1.375,0.41331041257367385,low
SNIAS,2000,3.7282608695652173,1.5217391304347825,high
SNIAS,2001,5.891304347826087,2.4046140195208516,high
SNIAS,2002,5.120481927710843,2.089992623555446,high
SNIAS,2003,4.3428571428571425,1.7725947521865886,high
SNIAS,2004,7.230769230769231,2.9513343799058083,high
SNIAS,2005,9.818181818181818,4.007421150278293,high
SNIAS,2006,5.705882352941177,2.3289315726290516,high
SNIAS,2007,3.0,1.2244897959183672,high
SNIAS,2008,2.588235294117647,1.056422569027611,medium
SNIAS,2009,2.727272727272727,1.1131725417439702,medium
SNIAS,2010,2.3125,0.943877551020408,medium
SNIAS,2011,2.769230769230769,1.1302982731554159,high
SNIAS,2012,2.45,1.0,medium
SNIAS,2013,3.423076923076923,1.3971742543171113,high
SNIAS,2014,2.393939393939394,0.9771181199752628,medium
SNIAS,2015,2.617021276595745,1.068171949630916,medium
SNIAS,2016,1.5098039215686274,0.6162464985994397,low
SNIAS,2017,1.25,0.5102040816326531,low
SNIAS,2018,1.3953488372093024,0.5695301376364499,low
SNIAS,2019,1.7837837837837838,0.7280750137892994,low
SNIAS,2020,1.6744186046511629,0.68343616516374,low
SNIAS,2021,1.5185185185185186,0.6198034769463341,low
SNIAS,2022,1.72,0.7020408163265306,low
SNIAS,2023,1.2916666666666667,0.5272108843537415,low
SNIAS,2024,1.6,0.6530612244897959,low
SNIAS,2025,1.4444444444444444,0.5895691609977324,low
SNIAS,2026,1.0,0.4081632653061224,low
STBROS,2000,2.1818181818181817,1.586776859504132,high
STBROS,2001,2.5,1.8181818181818181,high
STBROS,2002,2.142857142857143,1.5584415584415583,high
STBROS,2003,4.75,3.4545454545454546,high
STBROS,2004,2.2222222222222223,1.6161616161616161,high
STBROS,2005,1.5,1.0909090909090908,medium
STBROS,2006,1.375,1.0,medium
STBROS,2007,1.4545454545454546,1.0578512396694215,medium
STBROS,2008,1.3333333333333333,0.9696969696969696,medium
STBROS,2009,1.1666666666666667,0.8484848484848485,medium
STBROS,2010,2.5555555555555554,1.8585858585858583,high
STBROS,2011,1.5714285714285714,1.1428571428571428,high
STBROS,2012,1.375,1.0,medium
STBROS,2013,1.3333333333333333,0.9696969696969696,medium
STBROS,2014,1.0,0.7272727272727273,low
STBROS,2015,1.0,0.7272727272727273,low
STBROS,2016,1.0,0.7272727272727273,low
STBROS,2018,1.5,1.0909090909090908,medium
STBROS,2019,1.3333333333333333,0.9696969696969696,medium
STBROS,2020,1.25,0.9090909090909091,medium
STBROS,2021,1.2,0.8727272727272727,medium
STBROS,2022,1.3333333333333333,0.9696969696969696,medium
SWRNGN,2000,4.392857142857143,1.9967532467532467,high
SWRNGN,2001,4.84,2.1999999999999997,high
SWRNGN,2002,3.925925925925926,1.7845117845117844,high
SWRNGN,2003,5.95,2.7045454545454546,high
SWRNGN,2004,4.739130434782608,2.154150197628458,high
SWRNGN,2005,6.0,2.727272727272727,high
SWRNGN,2006,3.8461538461538463,1.7482517482517481,high
SWRNGN,2007,4.5,2.0454545454545454,high
SWRNGN,2008,3.8421052631578947,1.7464114832535884,high
SWRNGN,2009,9.857142857142858,4.48051948051948,high
SWRNGN,2010,3.769230769230769,1.7132867132867131,high
SWRNGN,2011,2.8421052631578947,1.2918660287081338,high
SWRNGN,2012,2.4375,1.1079545454545454,medium
SWRNGN,2013,1.8214285714285714,0.8279220779220778,low
SWRNGN,2014,2.2,1.0,medium
SWRNGN,2015,1.4516129032258065,0.6598240469208211,low
SWRNGN,2016,1.4074074074074074,0.6397306397306397,low
SWRNGN,2017,1.3846153846153846,0.6293706293706293,low
SWRNGN,2018,1.2857142857142858,0.5844155844155844,low
SWRNGN,2019,1.380952380952381,0.6277056277056277,low
SWRNGN,2020,1.2352941176470589,0.5614973262032086,low
SWRNGN,2021,1.3846153846153846,0.6293706293706293,low
SWRNGN,2022,1.1666666666666667,0.5303030303030303,low
SWRNGN,2023,1.2941176470588236,0.5882352941176471,low
SWRNGN,2024,1.3,0.5909090909090908,low
SWRNGN,2025,1.4166666666666667,0.6439393939393939,low
SWRNGN,2026,1.0,0.45454545454545453,low
