condition,head,metric,ci_low,ci_high
C1,B,balanced_acc,0.495,0.5038
C1,B,kappa,-0.0042,0.0032
C1,B,AUC,0.5253,0.6315
C1,C,balanced_acc,0.4853,0.5513
C1,C,kappa,-0.0195,0.0618
C1,C,AUC,0.4606,0.5649
C1,D,balanced_acc,0.5028,0.625
C1,D,kappa,0.0056,0.2473
C1,D,AUC,0.5065,0.6586
C1,C-noviol,balanced_acc,0.4857,0.5672
C1,C-noviol,kappa,-0.0251,0.083
C1,C-noviol,AUC,0.4919,0.6024
C1,C:violation,balanced_acc,0.4431,0.5358
C1,C:violation,kappa,-0.0201,0.0122
C1,C:violation,AUC,0.2793,0.5265
C2,B,balanced_acc,0.4979,0.512
C2,B,kappa,-0.0042,0.033
C2,B,AUC,0.4707,0.5834
C2,C,balanced_acc,0.4869,0.5554
C2,C,kappa,-0.0211,0.0741
C2,C,AUC,0.4874,0.6099
C2,D,balanced_acc,0.5095,0.6388
C2,D,kappa,0.0188,0.2708
C2,D,AUC,0.5007,0.6562
C2,C-noviol,balanced_acc,0.4832,0.5486
C2,C-noviol,kappa,-0.0327,0.0909
C2,C-noviol,AUC,0.4851,0.6013
C2,C:violation,balanced_acc,0.4528,0.62
C2,C:violation,kappa,-0.018,0.0497
C2,C:violation,AUC,0.4182,0.7278
C3,B,balanced_acc,0.508,0.5277
C3,B,kappa,0.0142,0.0644
C3,B,AUC,0.5334,0.6425
C3,C,balanced_acc,0.4933,0.556
C3,C,kappa,-0.0142,0.0653
C3,C,AUC,0.4634,0.5671
C3,D,balanced_acc,0.494,0.6207
C3,D,kappa,-0.0116,0.2377
C3,D,AUC,0.4932,0.6459
C3,C-noviol,balanced_acc,0.4884,0.5712
C3,C-noviol,kappa,-0.0198,0.0861
C3,C-noviol,AUC,0.4972,0.6079
C3,C:violation,balanced_acc,0.4914,0.5262
C3,C:violation,kappa,-0.0025,0.0086
C3,C:violation,AUC,0.2827,0.5148
C4,B,balanced_acc,0.4871,0.5241
C4,B,kappa,-0.0029,0.0464
C4,B,AUC,0.5101,0.6355
C4,C,balanced_acc,0.4779,0.5539
C4,C,kappa,-0.0374,0.0687
C4,C,AUC,0.4774,0.5985
C4,D,balanced_acc,0.4717,0.5924
C4,D,kappa,-0.0569,0.186
C4,D,AUC,0.4645,0.6178
C4,C-noviol,balanced_acc,0.4681,0.5509
C4,C-noviol,kappa,-0.0512,0.0864
C4,C-noviol,AUC,0.4637,0.5832
C4,C:violation,balanced_acc,0.434,0.6192
C4,C:violation,kappa,-0.0243,0.0505
C4,C:violation,AUC,0.4132,0.7328
C5,B,balanced_acc,0.4839,0.5129
C5,B,kappa,-0.0111,0.0138
C5,B,AUC,0.4949,0.6047
C5,C,balanced_acc,0.4694,0.534
C5,C,kappa,-0.0475,0.044
C5,C,AUC,0.4837,0.6032
C5,D,balanced_acc,0.4601,0.589
C5,D,kappa,-0.079,0.1779
C5,D,AUC,0.4764,0.632
C5,C-noviol,balanced_acc,0.464,0.5346
C5,C-noviol,kappa,-0.0629,0.0543
C5,C-noviol,AUC,0.4735,0.5902
C5,C:violation,balanced_acc,0.427,0.5699
C5,C:violation,kappa,-0.0267,0.027
C5,C:violation,AUC,0.3971,0.7518
