condition,head,balanced_acc_mean,balanced_acc_sd,kappa_mean,kappa_sd,AUC_mean,AUC_sd,AP_mean,AP_sd,F1_mean,F1_sd,accuracy_mean,accuracy_sd,support,n_seeds
C1,B,0.4986962263561738,0.003630438229584155,-0.001993643026065217,0.004064190806111883,0.5498154109140929,0.004790074271232093,0.5902849569869434,0.0034160718016502277,0.7027093521173295,0.004993281084765867,0.5475247524752476,0.013221931104957197,327,5
C1,C,0.5270125621763675,0.01309631999021216,0.03655266457174669,0.02493309616181445,0.5542455506775965,0.006866925164130336,0.33366921084128814,0.0027544572718133636,0.3142532342566679,0.05508514723062425,0.6051980198019802,0.08512206732943359,230,5
C1,C-noviol,0.5376917914445368,0.01853755078520922,0.05158746568529872,0.03521206411327026,0.5532877582457288,0.008192158527661551,0.437303679680222,0.004056956394970864,0.3179939802249613,0.055147659417433784,0.48184818481848185,0.11670762184875853,227,5
C1,D,0.5678942678942679,0.013591464317012338,0.13467463438444677,0.028156529749437744,0.5829719829719829,0.0049971029349064194,0.5256302960497197,0.0045654606646009736,0.5649736235013686,0.01446057217325696,0.5673267326732673,0.018054042107733082,91,5
C2,B,0.5204041532525319,0.008723074349941493,0.046337758096739005,0.015478328315345045,0.6366274739813148,0.004563404555139561,0.6541477694492179,0.0056473210530153155,0.7838999231926111,0.004017959020729653,0.7313531353135313,0.008993020853754955,327,5
C2,C,0.6431933806209081,0.023550184621048065,0.21320116614089538,0.03808062819799688,0.7299349289534056,0.014407623050650006,0.46412411872115433,0.009154553861376463,0.5392405930836652,0.04817746890142345,0.7398514851485148,0.016797066908241134,230,5
C2,C-noviol,0.6448608559032544,0.02222461212654291,0.26343025420777944,0.04714660343740604,0.7072499220216264,0.007554138464308714,0.600199602713935,0.008216281486201404,0.5696067997439072,0.05363495157613791,0.6966996699669966,0.021873246969807948,227,5
C2,D,0.7426492426492426,0.0014684087688537437,0.47800722875557033,0.001511439846140822,0.8080388080388079,0.002382181846453954,0.7550899874945618,0.011586846788798665,0.7374421826697732,0.00020164366503404852,0.7376237623762376,0.0,91,5
C3,B,0.5091001729336897,0.00885182520502566,0.01597537851510788,0.01872942675069209,0.5719306222913563,0.006510190710726132,0.6233072806005435,0.007739892491006507,0.7395693281153459,0.021651812956599143,0.6382838283828383,0.04807335994578304,327,5
C3,C,0.5999776545345775,0.010975353927147553,0.13365298722113697,0.014872337531502725,0.7060569691018242,0.006977282172118905,0.43148366743857525,0.005694473446235557,0.49192699335341106,0.0705540372361136,0.6898514851485149,0.01666431787521027,230,5
C3,C-noviol,0.5836106303900453,0.014225232458763537,0.12319475703938088,0.015869953669225507,0.6723975668426333,0.0031043847462579556,0.543038533702434,0.0034199081639570148,0.49886377489836314,0.07110540070844715,0.6013201320132013,0.023119983810222296,227,5
C3,D,0.6958815958815959,0.007995246401635549,0.38800352167567215,0.01591195037135333,0.7668745668745668,0.003233380214185333,0.7590807699080505,0.0057234462724208325,0.6932198897427364,0.008087735828143663,0.694059405940594,0.008134493428294559,91,5
C4,B,0.5395762459961708,0.006401428441314605,0.07365161461091108,0.021302738075465788,0.623760804625961,0.009865839230674446,0.641795715760266,0.010004490354614167,0.7724019633820431,0.007633679345984386,0.7033003300330034,0.0185009919711868,327,5
C4,C,0.6485918735999106,0.017325971153573632,0.23120150699431535,0.00557166043139821,0.7351649621404249,0.007693382585838336,0.4448717717013199,0.007117964114367672,0.6084652100879591,0.03266182027699595,0.7542079207920792,0.013115308704692035,230,5
C4,C-noviol,0.664900834258284,0.011745567474702312,0.2873754666789119,0.02093875472813941,0.7148933163547373,0.0121654666955322,0.5731062589891138,0.00806522350626303,0.6264440233541684,0.030860710457484366,0.698019801980198,0.014573862815722495,227,5
C4,D,0.7344025344025343,0.011402086857897493,0.46664863589254135,0.02388840961567559,0.7950895950895951,0.00898815132681063,0.7958830009940712,0.01093851112985827,0.7328044883280307,0.012473758284065536,0.7346534653465346,0.0129093116934706,91,5
C5,B,0.5161929822052522,0.009481302397683711,0.020290666767557287,0.011901067587968427,0.6235593319955828,0.007445950627604656,0.6418257753051362,0.015134896363295208,0.7259127342845463,0.02524399049490027,0.598019801980198,0.05902195297811451,327,5
C5,C,0.6015059082522107,0.00968496353546999,0.18600141882183252,0.009285413517579633,0.6966516312010633,0.004075607293515608,0.41854429751361966,0.010405679468444975,0.6172417337146174,0.05187729057199781,0.7623762376237624,0.030965336641576274,230,5
C5,C-noviol,0.6381887821922274,0.012712232266513438,0.25191534353006073,0.010573440758602429,0.7076516445048237,0.008159289905059907,0.5462519332670783,0.01509938857400972,0.6250329997262651,0.051643919920026954,0.6937293729372936,0.038727935080411766,227,5
C5,D,0.75011385011385,0.009469813575496035,0.49912513611935944,0.01836073458091393,0.8163548163548164,0.008954721764186949,0.8178964999005375,0.009197415733294982,0.7495178146644529,0.009149166057817754,0.7514851485148515,0.008855714762375403,91,5
