condition,seed,head,label,F1,balanced_acc,kappa,AUC,AP,accuracy,support
C1,0,B,operator,0.8424068767908309,0.5,0.0,0.5213358070500929,0.7460873583853669,0.7277227722772277,147
C1,0,B,personnel,0.8221574344023324,0.5,0.0,0.5795256365538891,0.7468854100893043,0.698019801980198,141
C1,0,B,situational,0.31666666666666665,0.48717948717948717,-0.009938418389122683,0.5478212993550418,0.27161551554265245,0.18811881188118812,39
C1,0,C,skill,0.3558282208588957,0.4888687235329704,-0.01765665483159018,0.4856019358741681,0.28680072305213455,0.4801980198019802,57
C1,0,C,decision,0.41237113402061853,0.5466398008770891,0.06397853833021694,0.5583145667891432,0.7642217303523773,0.43564356435643564,143
C1,0,C,perception,0.24880382775119617,0.5357671957671958,0.020870639086137843,0.6300529100529101,0.2742739366572844,0.22277227722772278,27
C1,0,C,violation,0.0,0.5,0.0,0.5309882747068676,0.020516336105901065,0.9851485148514851,3
C1,1,B,operator,0.8424068767908309,0.5,0.0,0.5084724799010514,0.7342893681953452,0.7277227722772277,147
C1,1,B,personnel,0.8221574344023324,0.5,0.0,0.5916172538076968,0.7647095873105364,0.698019801980198,141
C1,1,B,situational,0.32407407407407407,0.5131351266320592,0.011198283376919305,0.5292590844738084,0.26170972801355963,0.27722772277227725,39
C1,1,C,skill,0.4236453201970443,0.5220205686630369,0.029882604055496365,0.4730187537810043,0.28554055719704863,0.4207920792079208,57
C1,1,C,decision,0.29545454545454547,0.5315870570107858,0.040821015547215955,0.5598553988384496,0.7672875835633439,0.38613861386138615,143
C1,1,C,perception,0.2631578947368421,0.5737566137566137,0.10971194711160082,0.5936507936507937,0.25725435738356384,0.7227722772277227,27
C1,1,C,violation,0.0,0.49246231155778897,-0.015075376884422065,0.5678391959798995,0.023832329866812628,0.9702970297029703,3
C1,2,B,operator,0.8424068767908309,0.5,0.0,0.5387755102040817,0.7523831066939414,0.7277227722772277,147
C1,2,B,personnel,0.8221574344023324,0.5,0.0,0.572782234623881,0.761137319359138,0.698019801980198,141
C1,2,B,situational,0.31666666666666665,0.48717948717948717,-0.009938418389122683,0.5582035551360705,0.25789903899952293,0.18811881188118812,39
C1,2,C,skill,0.3625,0.49921355111917726,-0.0012634852755368797,0.5013309134906231,0.30872681790065704,0.49504950495049505,57
C1,2,C,decision,0.41450777202072536,0.5551143771482755,0.07534635015798441,0.5751451937892617,0.7757755778359989,0.4405940594059406,143
C1,2,C,perception,0.3333333333333333,0.6237037037037036,0.20826652414038838,0.6152380952380953,0.2390316270121558,0.7821782178217822,27
C1,2,C,violation,0.0,0.49748743718592964,-0.007481296758104827,0.541038525963149,0.02240693476811294,0.9801980198019802,3
C1,3,B,operator,0.8279883381924198,0.49208410636982064,-0.021951637797976264,0.5317254174397033,0.7470798245495576,0.7079207920792079,147
C1,3,B,personnel,0.8221574344023324,0.5,0.0,0.589873270549936,0.7782549767268656,0.698019801980198,141
C1,3,B,situational,0.3181818181818182,0.5008651879817524,0.0007255458083240685,0.5302029259084474,0.2621615926135776,0.25742574257425743,39
C1,3,C,skill,0.16666666666666666,0.49243799153055046,-0.01799856011519063,0.4720508166969147,0.2760715183989543,0.6534653465346535,57
C1,3,C,decision,0.3240223463687151,0.5420765675002963,0.054906813084834805,0.5647149460708784,0.7656289188312912,0.400990099009901,143
C1,3,C,perception,0.3142857142857143,0.6122751322751323,0.17955660856320854,0.6143915343915344,0.2568509772660513,0.7623762376237624,27
C1,3,C,violation,0.0,0.4849246231155779,-0.02020202020202011,0.6063651591289783,0.025318406939093277,0.9554455445544554,3
C1,4,B,operator,0.8424068767908309,0.5,0.0,0.5390228818800247,0.7692724445135658,0.7277227722772277,147
C1,4,B,personnel,0.8221574344023324,0.5,0.0,0.5777816532961284,0.751887862267426,0.698019801980198,141
C1,4,B,situational,0.3236514522821577,0.5,0.0,0.53083215353154,0.2489012215437915,0.19306930693069307,39
C1,4,C,skill,0.3558282208588957,0.4888687235329704,-0.01765665483159018,0.48039927404718696,0.30708407274641436,0.4801980198019802,57
C1,4,C,decision,0.11764705882352941,0.522993955197345,0.027668829779647797,0.5700485954723242,0.7737007221306155,0.3316831683168317,143
C1,4,C,perception,0.24644549763033174,0.53005291005291,0.01737747047665683,0.6055026455026455,0.2213060748754381,0.21287128712871287,27
C1,4,C,violation,0.0,0.5,0.0,0.5393634840871021,0.021755013942513942,0.9851485148514851,3
C2,0,B,operator,0.8424068767908309,0.5,0.0,0.5993815708101423,0.8158942487338396,0.7277227722772277,147
C2,0,B,personnel,0.8221574344023324,0.5,0.0,0.646320195326125,0.791148017637278,0.698019801980198,141
C2,0,B,situational,0.25396825396825395,0.5534843479628756,0.12529942878201583,0.6838131193959415,0.36251745325760143,0.7673267326732673,39
C2,0,C,skill,0.46808510638297873,0.6136116152450091,0.19866708981275794,0.6275862068965516,0.3991865053218318,0.6287128712871287,57
C2,0,C,decision,0.7183673469387755,0.6890482398956975,0.3140072841815139,0.7292876614910513,0.8296688354328046,0.6584158415841584,143
C2,0,C,perception,0.4827586206896552,0.7106878306878306,0.3965345548695479,0.7614814814814815,0.5752227216462347,0.8514851485148515,27
C2,0,C,violation,0.07692307692307693,0.6113902847571189,0.05201407899882671,0.8358458961474036,0.06834417655313177,0.8811881188118812,3
C2,1,B,operator,0.8390804597701149,0.4965986394557823,-0.009819675058025501,0.6138528138528139,0.8258443926249458,0.7227722772277227,147
C2,1,B,personnel,0.8221574344023324,0.5,0.0,0.6266713172886874,0.7845915018165479,0.698019801980198,141
C2,1,B,situational,0.25396825396825395,0.5534843479628756,0.12529942878201583,0.6731162498033664,0.37282432864370013,0.7673267326732673,39
C2,1,C,skill,0.46153846153846156,0.5985480943738657,0.1610797982794422,0.6335148215366001,0.3989647322615535,0.5841584158415841,57
C2,1,C,decision,0.6890756302521008,0.676543795187863,0.28498995503683144,0.7209908735332464,0.8357282822471707,0.6336633663366337,143
C2,1,C,perception,0.5106382978723404,0.6993650793650794,0.4478250534822914,0.7542857142857142,0.5602656343232898,0.8861386138613861,27
C2,1,C,violation,0.07407407407407407,0.6088777219430486,0.048964218455743835,0.7973199329983249,0.05103174603174603,0.8762376237623762,3
C2,2,B,operator,0.8414985590778098,0.5056895485466913,0.016291836373295676,0.6158317872603587,0.8352680002488315,0.7277227722772277,147
C2,2,B,personnel,0.8221574344023324,0.5,0.0,0.6277177072433437,0.7792866958842333,0.698019801980198,141
C2,2,B,situational,0.09523809523809523,0.522573540978449,0.06957575757575762,0.6633632216454303,0.35328341204082925,0.8118811881188119,39
C2,2,C,skill,0.4094488188976378,0.576346037507562,0.14280864546791905,0.6436781609195402,0.40114501822443305,0.6287128712871287,57
C2,2,C,decision,0.5074626865671642,0.6189996444233732,0.16723577912884147,0.732843427758682,0.853252013831929,0.5099009900990099,143
C2,2,C,perception,0.5217391304347826,0.7022222222222222,0.46237599806436,0.7674074074074073,0.5735679750035926,0.8910891089108911,27
C2,2,C,violation,0.16666666666666666,0.7855946398659966,0.14443032613299456,0.845896147403685,0.07543363499245852,0.900990099009901,3
C2,3,B,operator,0.8347826086956521,0.498886827458256,-0.003136434918975528,0.6053184910327768,0.8146442125668407,0.7178217821782178,147
C2,3,B,personnel,0.8221574344023324,0.5,0.0,0.6345773747238692,0.7835223201233308,0.698019801980198,141
C2,3,B,situational,0.32,0.5802265219443133,0.1652892561983471,0.6679251219128519,0.3413021120232224,0.7475247524752475,39
C2,3,C,skill,0.4,0.586085904416213,0.17591791321547778,0.627102238354507,0.38106822040229443,0.6732673267326733,57
C2,3,C,decision,0.7649122807017544,0.6014578641697286,0.2019106026654086,0.7136422899134763,0.835694163427958,0.6683168316831684,143
C2,3,C,perception,0.34,0.6548148148148148,0.17997293640054135,0.7519576719576718,0.5455454214296735,0.6732673267326733,27
C2,3,C,violation,0.058823529411764705,0.5912897822445561,0.032624962586052075,0.7437185929648241,0.041279232014288104,0.8415841584158416,3
C2,4,B,operator,0.8414985590778098,0.5056895485466913,0.016291836373295676,0.5862708719851577,0.8152004367689065,0.7277227722772277,147
C2,4,B,personnel,0.8221574344023324,0.5,0.0,0.6267875828392047,0.7807653481135557,0.698019801980198,141
C2,4,B,situational,0.3333333333333333,0.5894289759320435,0.18997493734335835,0.678464684599654,0.3561240612546066,0.7623762376237624,39
C2,4,C,skill,0.36538461538461536,0.5701149425287356,0.14811501597444088,0.6445251058681186,0.4068318503731118,0.6732673267326733,57
C2,4,C,decision,0.694560669456067,0.6800402986843666,0.29180674286812025,0.7366362451108214,0.842078642770802,0.6386138613861386,143
C2,4,C,perception,0.4642857142857143,0.695026455026455,0.37820644366919765,0.7638095238095238,0.5647740240123459,0.8514851485148515,27
C2,4,C,violation,0.06060606060606061,0.5938023450586265,0.034535923527597934,0.7671691792294808,0.043399544122435685,0.8465346534653465,3
C3,0,B,operator,0.8472622478386167,0.5181818181818182,0.05206304232335757,0.6153370439084724,0.8100859439689442,0.7376237623762376,147
C3,0,B,personnel,0.8152492668621701,0.4929078014184397,-0.019548149335042453,0.5683060109289617,0.7612917829812609,0.6881188118811881,141
C3,0,B,situational,0.30434782608695654,0.5000786534528866,7.734550235893867e-05,0.5505741702060721,0.32343409268002654,0.36633663366336633,39
C3,0,C,skill,0.37398373983739835,0.5534785238959468,0.10206673594273186,0.6006049606775559,0.35277641252535064,0.6188118811881188,57
C3,0,C,decision,0.7735191637630662,0.6084508711627356,0.21798689696247775,0.679151357117459,0.8188130813032013,0.6782178217821783,143
C3,0,C,perception,0.29457364341085274,0.6147089947089948,0.10549878345498787,0.7441269841269842,0.44707233067111724,0.5495049504950495,27
C3,0,C,violation,0.2,0.6515912897822446,0.18301314459049556,0.7822445561139029,0.10849952516619182,0.9603960396039604,3
C3,1,B,operator,0.8390804597701149,0.4965986394557823,-0.009819675058025501,0.6061842918985777,0.8035431782171423,0.7227722772277227,147
C3,1,B,personnel,0.8221574344023324,0.5,0.0,0.5510987094523894,0.7440083994844031,0.698019801980198,141
C3,1,B,situational,0.32222222222222224,0.5282365895862828,0.028310070183739544,0.5576529809658644,0.3185399050173914,0.39603960396039606,39
C3,1,C,skill,0.21176470588235294,0.5134301270417423,0.031764200887108296,0.6081064730792498,0.34908151987116554,0.6683168316831684,57
C3,1,C,decision,0.7719298245614035,0.6134289439374185,0.22573416676494873,0.693492947730236,0.8252996318467483,0.6782178217821783,143
C3,1,C,perception,0.2676056338028169,0.5775661375661376,0.06523093352318243,0.711957671957672,0.4437148669110562,0.48514851485148514,27
C3,1,C,violation,0.16666666666666666,0.6465661641541038,0.14767932489451474,0.7889447236180904,0.07408655286013777,0.9504950495049505,3
C3,2,B,operator,0.8497109826589595,0.5272727272727272,0.07746355173019492,0.6068027210884354,0.8063059079456361,0.7425742574257426,147
C3,2,B,personnel,0.8221574344023324,0.5,0.0,0.5573770491803278,0.7549535573138879,0.698019801980198,141
C3,2,B,situational,0.30357142857142855,0.5461695768444235,0.06934435912581227,0.5445965077866918,0.32508480886971325,0.6138613861386139,39
C3,2,C,skill,0.4,0.5660012099213552,0.12164120860742555,0.6212946158499697,0.37107727807930824,0.6138613861386139,57
C3,2,C,decision,0.5454545454545454,0.6230295128600213,0.17787678862136924,0.6879222472442812,0.8241808041990318,0.5297029702970297,143
C3,2,C,perception,0.28346456692913385,0.599047619047619,0.09242618741976893,0.718095238095238,0.4443510344703794,0.5495049504950495,27
C3,2,C,violation,0.2,0.6515912897822446,0.18301314459049556,0.7772194304857621,0.08042328042328042,0.9603960396039604,3
C3,3,B,operator,0.8424068767908309,0.5,0.0,0.6183055040197898,0.8085420199515918,0.7277227722772277,147
C3,3,B,personnel,0.8221574344023324,0.5,0.0,0.555284269271015,0.7496454128500808,0.698019801980198,141
C3,3,B,situational,0.3068181818181818,0.5087305332704106,0.008927853293653976,0.560169891458235,0.3095807684424563,0.39603960396039606,39
C3,3,C,skill,0.24719101123595505,0.5240774349667272,0.055547801814375464,0.6030248033877798,0.3472605012022578,0.6683168316831684,57
C3,3,C,decision,0.5170731707317073,0.6090434988740073,0.15541853197060562,0.6844850065189048,0.822056434451931,0.5099009900990099,143
C3,3,C,perception,0.3368421052631579,0.6477248677248677,0.17992009279546328,0.7301587301587301,0.4684463388824776,0.6881188118811881,27
C3,3,C,violation,0.16666666666666666,0.6465661641541038,0.14767932489451474,0.8274706867671692,0.0984007996001999,0.9504950495049505,3
C3,4,B,operator,0.8424068767908309,0.5,0.0,0.5929499072356216,0.7982935491552078,0.7277227722772277,147
C3,4,B,personnel,0.8221574344023324,0.5,0.0,0.5563306592256714,0.7620553450117828,0.698019801980198,141
C3,4,B,situational,0.24444444444444444,0.5183262545225735,0.0328122799605689,0.5379896177442189,0.27424453711862823,0.6633663366336634,39
C3,4,C,skill,0.3333333333333333,0.5271627344222625,0.05264392074100133,0.5940713853599515,0.34119568071718687,0.6039603960396039,57
C3,4,C,decision,0.7605633802816901,0.597961360673225,0.19399131557328952,0.6816403935048003,0.8161342878316848,0.6633663366336634,143
C3,4,C,perception,0.26865671641791045,0.579047619047619,0.07017379051197736,0.7278306878306878,0.4741178025736134,0.5148514851485149,27
C3,4,C,violation,0.18181818181818182,0.6490787269681741,0.16375344986200546,0.8592964824120602,0.12268518518518517,0.9554455445544554,3
C4,0,B,operator,0.8513119533527697,0.5420531849103277,0.11661807580174921,0.6304267161410019,0.8150774262757157,0.7475247524752475,147
C4,0,B,personnel,0.8211143695014663,0.5046506220206952,0.012818458580355685,0.5962097430531333,0.7708317681622052,0.698019801980198,141
C4,0,B,situational,0.3333333333333333,0.579361333962561,0.13501940318479855,0.6487336794085261,0.32788650399526176,0.6831683168316832,39
C4,0,C,skill,0.44274809160305345,0.5992135511191773,0.18195939198934863,0.637144585601936,0.3772886328237322,0.6386138613861386,57
C4,0,C,decision,0.7647058823529411,0.6517719568567026,0.2837673130193905,0.7202797202797203,0.8435275436989168,0.6831683168316832,143
C4,0,C,perception,0.463768115942029,0.722010582010582,0.35955441302485003,0.7839153439153439,0.4988343166217544,0.8168316831683168,27
C4,0,C,violation,0.10526315789473684,0.6289782244556114,0.08230892570817738,0.8190954773869347,0.055982905982905985,0.9158415841584159,3
C4,1,B,operator,0.8563049853372434,0.5602350030921459,0.1644436940739491,0.6087816944959803,0.804768232458536,0.7574257425742574,147
C4,1,B,personnel,0.8211143695014663,0.5046506220206952,0.012818458580355685,0.5878386234158819,0.7648878695524707,0.698019801980198,141
C4,1,B,situational,0.3181818181818182,0.5721252162969954,0.131431847498925,0.6499921346547113,0.34030262556382135,0.7029702970297029,39
C4,1,C,skill,0.4691358024691358,0.6022988505747127,0.1629565384986026,0.620810647307925,0.36440313505594374,0.5742574257425742,57
C4,1,C,decision,0.8028673835125448,0.688218561099917,0.36376131027373726,0.734502785350243,0.8460687188446006,0.7277227722772277,143
C4,1,C,perception,0.4470588235294118,0.7404232804232804,0.32369283373699964,0.7885714285714285,0.49113240196461666,0.7673267326732673,27
C4,1,C,violation,0.1111111111111111,0.6314907872696818,0.08855047941342364,0.7755443886097152,0.04861973775017253,0.9207920792079208,3
C4,2,B,operator,0.8448275862068966,0.509090909090909,0.026245313336904053,0.6106369820655535,0.8140567890911594,0.7326732673267327,147
C4,2,B,personnel,0.8211143695014663,0.5046506220206952,0.012818458580355685,0.5922567143355424,0.7629548896405194,0.698019801980198,141
C4,2,B,situational,0.34782608695652173,0.5916312726128676,0.16124567474048446,0.6509359760893503,0.3476903331831486,0.7029702970297029,39
C4,2,C,skill,0.4779874213836478,0.6126436781609195,0.18174719375305026,0.6223835450695705,0.37097854716060397,0.5891089108910891,57
C4,2,C,decision,0.728,0.6825885978428351,0.30967936476027746,0.7315396467938841,0.8481035992517749,0.6633663366336634,143
C4,2,C,perception,0.463768115942029,0.722010582010582,0.35955441302485003,0.7686772486772486,0.49561631648643917,0.8168316831683168,27
C4,2,C,violation,0.10526315789473684,0.6289782244556114,0.08230892570817738,0.7772194304857621,0.0488328664799253,0.9158415841584159,3
C4,3,B,operator,0.8424068767908309,0.5,0.0,0.6388373531230674,0.829556920968961,0.7277227722772277,147
C4,3,B,personnel,0.8211143695014663,0.5046506220206952,0.012818458580355685,0.6007440995233113,0.7617523453593198,0.698019801980198,141
C4,3,B,situational,0.39416058394160586,0.6283624351109014,0.16295556665002486,0.6811389019977977,0.3856569181933733,0.5891089108910891,39
C4,3,C,skill,0.4972972972972973,0.6207501512401694,0.17525682676266563,0.6522686025408347,0.39541403384386153,0.5396039603960396,57
C4,3,C,decision,0.8014184397163121,0.6747659120540477,0.34270772806507843,0.7499111058433092,0.8580312092125673,0.7227722772277227,143
C4,3,C,perception,0.52,0.7121693121693121,0.4526981259878077,0.802962962962963,0.506576875080703,0.8811881188118812,27
C4,3,C,violation,0.0,0.4798994974874372,-0.022079116835326706,0.7705192629815744,0.06536433340557052,0.9455445544554455,3
C4,4,B,operator,0.8424068767908309,0.5,0.0,0.6040816326530613,0.8039313752790805,0.7277227722772277,147
C4,4,B,personnel,0.8221574344023324,0.5,0.0,0.5908615277293338,0.770792977744063,0.698019801980198,141
C4,4,B,situational,0.35051546391752575,0.5921818467830737,0.15554080955540817,0.664936290703162,0.32678876093635223,0.6881188118811881,39
C4,4,C,skill,0.4550898203592814,0.5850574712643678,0.13267906011135233,0.6173018753781003,0.37487084557666217,0.5495049504950495,57
C4,4,C,decision,0.6938775510204082,0.6531350005926277,0.2543557436755586,0.7157757496740548,0.8401711356282227,0.6287128712871287,143
C4,4,C,perception,0.5,0.7064550264550264,0.42626174350010926,0.7773544973544975,0.4855765735863079,0.8712871287128713,27
C4,4,C,violation,0.10526315789473684,0.6289782244556114,0.08230892570817738,0.8375209380234506,0.08204170557111734,0.9158415841584159,3
C5,0,B,operator,0.8424068767908309,0.5,0.0,0.640321583178726,0.8154193157407872,0.7277227722772277,147
C5,0,B,personnel,0.8221574344023324,0.5,0.0,0.602488082781072,0.7860275784654693,0.698019801980198,141
C5,0,B,situational,0.334841628959276,0.5295736982853547,0.024699467910398676,0.6613182318703792,0.35303517373999516,0.2722772277227723,39
C5,0,C,skill,0.48936170212765956,0.6104053236539625,0.15840638833434606,0.6279491833030852,0.355313748855949,0.5247524752475248,57
C5,0,C,decision,0.8083623693379791,0.6683062700011853,0.33829660512209647,0.7309470190826123,0.8363565993952891,0.7277227722772277,143
C5,0,C,perception,0.3333333333333333,0.611005291005291,0.24503620649380986,0.7487830687830688,0.4121815135386445,0.8415841584158416,27
C5,0,C,violation,0.0,0.4849246231155779,-0.02020202020202011,0.6767169179229481,0.039564319860930036,0.9554455445544554,3
C5,1,B,operator,0.8424068767908309,0.5,0.0,0.6284477427334569,0.813610987157326,0.7277227722772277,147
C5,1,B,personnel,0.8221574344023324,0.5,0.0,0.5771421927682828,0.7711142070986418,0.698019801980198,141
C5,1,B,situational,0.36649214659685864,0.5898222431964764,0.08545985182967908,0.6606890042472865,0.34080109689141835,0.400990099009901,39
C5,1,C,skill,0.49473684210526314,0.615728977616455,0.16478594194159712,0.6325468844525106,0.3519244325054801,0.5247524752475248,57
C5,1,C,decision,0.795774647887324,0.6578167595116748,0.31252200445957046,0.7292876614910513,0.8377879379893703,0.7128712871287128,143
C5,1,C,perception,0.40816326530612246,0.6508994708994709,0.32743972445464975,0.7731216931216931,0.44785729163857824,0.8564356435643564,27
C5,1,C,violation,0.0,0.5,0.0,0.6549413735343383,0.03534778121775026,0.9851485148514851,3
C5,2,B,operator,0.8448275862068966,0.509090909090909,0.026245313336904053,0.6346320346320347,0.8111581889320789,0.7326732673267327,147
C5,2,B,personnel,0.8221574344023324,0.5,0.0,0.6134170445297057,0.8018196430411197,0.698019801980198,141
C5,2,B,situational,0.3287671232876712,0.5198206701274186,0.016689847009735637,0.6249803366367784,0.3555632386047227,0.2722772277227723,39
C5,2,C,skill,0.4973544973544973,0.6191772534785239,0.17034154777345445,0.6459770114942528,0.38450422738018086,0.5297029702970297,57
C5,2,C,decision,0.5953488372093023,0.6559796136067323,0.23049303791925735,0.7352139386037692,0.8475996578612288,0.5693069306930693,143
C5,2,C,perception,0.43478260869565216,0.7006349206349207,0.32493573264781483,0.7561904761904761,0.3872856746880727,0.806930693069307,27
C5,2,C,violation,0.0,0.4899497487437186,-0.01726618705035965,0.6750418760469011,0.038338829664851595,0.9653465346534653,3
C5,3,B,operator,0.8448275862068966,0.509090909090909,0.026245313336904053,0.6491032776747062,0.8371137110466176,0.7326732673267327,147
C5,3,B,personnel,0.8221574344023324,0.5,0.0,0.5273805371468434,0.714790854134563,0.698019801980198,141
C5,3,B,situational,0.33191489361702126,0.5184049079754601,0.014542290721521134,0.665093597608935,0.2991075498564618,0.22277227722772278,39
C5,3,C,skill,0.25,0.5275257108287961,0.06389552029209378,0.6212946158499697,0.34813920070245563,0.6732673267326733,57
C5,3,C,decision,0.8082191780821918,0.649875548180633,0.30897984117287713,0.7309470190826123,0.8544662804958355,0.7227722772277227,143
C5,3,C,perception,0.45901639344262296,0.7021164021164021,0.36429525081060454,0.7947089947089947,0.5142533249927772,0.8366336633663366,27
C5,3,C,violation,0.0,0.5,0.0,0.6231155778894473,0.029180695847362513,0.9851485148514851,3
C5,4,B,operator,0.8424068767908309,0.5,0.0,0.634013605442177,0.805337530117111,0.7277227722772277,147
C5,4,B,personnel,0.8221574344023324,0.5,0.0,0.5990001162655505,0.7979928909693494,0.698019801980198,141
C5,4,B,situational,0.32,0.5670913953122543,0.11047791736821666,0.6353625924178071,0.32449466378138014,0.6633663366336634,39
C5,4,C,skill,0.49473684210526314,0.615728977616455,0.16478594194159712,0.6240774349667271,0.37663979231550526,0.5247524752475248,57
C5,4,C,decision,0.7816901408450704,0.6338745999762949,0.26510972890505813,0.7238354865473509,0.8429291772968932,0.693069306930693,143
C5,4,C,perception,0.4166666666666667,0.6537566137566138,0.3394066806820836,0.7398941798941799,0.3965401393499136,0.8613861386138614,27
C5,4,C,violation,0.0,0.4824120603015075,-0.02123356926188058,0.6884422110552764,0.03467532467532468,0.9504950495049505,3
