condition,seed,head,strategy,fewshot_k,F1,balanced_acc,kappa,AUC,AP,accuracy,support
C1,0,B,none,0,0.6995708154506438,0.49572649572649574,-0.003312806129707561,0.5495609143196746,0.5881960946724413,0.5379537953795379,327
C1,0,C,none,0,0.3339191564147627,0.5178189300443138,0.01679813064619115,0.5512394218557722,0.33645318154192433,0.530940594059406,230
C1,0,D,none,0,0.5591358297162755,0.5624690624690625,0.12310994049361046,0.5825165825165826,0.5221425550037413,0.5594059405940595,91
C1,0,C-noviol,none,0,0.33568904593639576,0.5237585733924184,0.022397507528254867,0.5579898042387404,0.4417654633539321,0.3795379537953795,227
C1,1,B,none,0,0.711453744493392,0.5043783755440198,0.0037327611256397684,0.5431162727275188,0.5869028945064804,0.5676567656765676,327
C1,1,C,none,0,0.34273318872017355,0.5299566377470564,0.04133504745747277,0.5485910355625367,0.3334787070026922,0.625,230
C1,1,D,none,0,0.5684502615229723,0.5704880704880705,0.1394574478503574,0.5863775863775864,0.5251675828764879,0.5693069306930693,91
C1,1,C-noviol,none,0,0.34725274725274724,0.5424547464768121,0.060138522238104376,0.5421749820900824,0.43669416604798544,0.5099009900990099,227
C1,2,B,none,0,0.6995708154506438,0.49572649572649574,-0.003312806129707561,0.556587099988011,0.5904731550175341,0.5379537953795379,327
C1,2,C,none,0,0.37825059101654845,0.5438797672892715,0.06871702306618277,0.5581881821202822,0.33648523937923114,0.6745049504950495,230
C1,2,D,none,0,0.5443757968029812,0.547965547965548,0.09443524022999716,0.5761805761805762,0.5253883087779592,0.5445544554455446,91
C1,2,C-noviol,none,0,0.3818615751789976,0.5593438773237188,0.09411646300761196,0.56390473417266,0.44117800758293724,0.5726072607260726,227
C1,3,B,none,0,0.7019867549668874,0.49764976478385775,-0.007075363996550732,0.5506005379660288,0.5958321312966669,0.5544554455445545,327
C1,3,C,none,0,0.27485380116959063,0.5329285786053892,0.04906571033270815,0.5643806140720764,0.3309674553588475,0.693069306930693,230
C1,3,D,none,0,0.5692963752665245,0.5744480744480744,0.1461471188417064,0.5890505890505889,0.5221520911490826,0.5693069306930693,91
C1,3,C-noviol,none,0,0.2822822822822823,0.548929897101993,0.07215495384428423,0.5503857657197758,0.43285047149876554,0.6056105610561056,227
C1,4,B,none,0,0.7009646302250804,0.5,0.0,0.549212229569231,0.5900205094415945,0.5396039603960396,327
C1,4,C,none,0,0.24150943396226415,0.5104788971958063,0.006847411356178612,0.5488284997773147,0.3309614709237455,0.5024752475247525,230
C1,4,D,none,0,0.5836098541980895,0.5841005841005841,0.17022342450656247,0.5807345807345806,0.5333009424413271,0.594059405940594,91
C1,4,C-noviol,none,0,0.2428842504743833,0.5139718629277418,0.00912988180823815,0.5519835050073856,0.4340302899174893,0.3415841584158416,227
C2,0,B,faiss,15,0.7841059602649006,0.5178281159876251,0.041766476260671946,0.6431716285107362,0.6565199065429064,0.731023102310231,327
C2,0,C,faiss,15,0.5787234042553191,0.656184492646414,0.24030575196566162,0.7385503115041221,0.4681055597385007,0.754950495049505,230
C2,0,D,faiss,15,0.7374629098310405,0.7424512424512424,0.4778070432152961,0.8113058113058113,0.769005582104847,0.7376237623762376,91
C2,0,C-noviol,faiss,15,0.6081081081081081,0.671115895276179,0.3030696429546066,0.7061184499563615,0.6013593541336236,0.7128712871287128,227
C2,1,B,faiss,15,0.7824933687002652,0.5166943291395526,0.03849325124133011,0.6378801269816226,0.6610867410283979,0.7293729372937293,327
C2,1,C,faiss,15,0.5598290598290598,0.6458336727174642,0.23571475631357722,0.7265278355884714,0.4614975987159399,0.745049504950495,230
C2,1,D,faiss,15,0.7376173320589172,0.7444312444312444,0.47983675055874064,0.8093258093258092,0.7518689140629764,0.7376237623762376,91
C2,1,C-noviol,faiss,15,0.5895691609977324,0.6581523229756027,0.2979649355995217,0.702930469785187,0.5983195496106712,0.7013201320132013,227
C2,2,B,faiss,15,0.7896174863387978,0.5094210298417136,0.0286225313163511,0.6356375720497108,0.6559460360579646,0.7458745874587459,327
C2,2,C,faiss,15,0.457286432160804,0.6707906360047885,0.22921268719852878,0.7474562858723287,0.4758496605131033,0.7326732673267327,230
C2,2,D,faiss,15,0.7375658781713446,0.7434412434412434,0.4788238730405998,0.8057618057618058,0.759484018203066,0.7376237623762376,91
C2,2,C-noviol,faiss,15,0.47593582887700536,0.6325226347177191,0.25747347422037353,0.71464299869521,0.6093216690199849,0.6765676567656765,227
C2,3,B,faiss,15,0.7785058977719528,0.5263711164675232,0.054050940426457195,0.635940329223166,0.646489548237798,0.7211221122112211,327
C2,3,C,faiss,15,0.5633270321361059,0.6084120914113281,0.14760660371686996,0.7091051982976199,0.4508967593185535,0.7141089108910891,230
C2,3,D,faiss,15,0.7374629098310405,0.7424512424512424,0.4778070432152961,0.8080388080388079,0.7575422429925451,0.7376237623762376,91
C2,3,C-noviol,faiss,15,0.597979797979798,0.6141195278002521,0.18593381742714257,0.6975674000752184,0.5874359350866419,0.6716171617161716,227
C2,4,B,faiss,15,0.7847769028871391,0.5317061748262449,0.06875559123888468,0.6305077131413388,0.6506966153790229,0.7293729372937293,327
C2,4,C,faiss,15,0.5370370370370371,0.6347460103245459,0.21316603150983918,0.7280350135044862,0.4642710153196739,0.7524752475247525,230
C2,4,D,faiss,15,0.7371018834565233,0.7404712404712405,0.4757614337479189,0.8057618057618058,0.7375491801093744,0.7376237623762376,91
C2,4,C-noviol,faiss,15,0.5764411027568922,0.6483938987465191,0.2727094008372529,0.7149902915961546,0.6045615057187533,0.7211221122112211,227
C3,0,B,cypher,15,0.7201834862385321,0.5037227576843816,0.010864079496891351,0.5780724083478354,0.6316039398767438,0.5973597359735974,327
C3,0,C,cypher,15,0.5610200364298725,0.6070574198874804,0.15214139023767326,0.7015319645089755,0.4317903374164652,0.7017326732673267,230
C3,0,D,cypher,15,0.6828885400313971,0.686961686961687,0.3688116394883312,0.7677457677457677,0.7596308338325699,0.6831683168316832,91
C3,0,C-noviol,cypher,15,0.5677179962894249,0.5922127965892258,0.14185080545339915,0.674627767307333,0.5395539414998897,0.6155115511551155,227
C3,1,B,cypher,15,0.7256027554535017,0.5082784096806884,0.006163465041904681,0.5716453274389438,0.6220304942396456,0.6056105610561056,327
C3,1,C,cypher,15,0.5305343511450382,0.5877478431748506,0.11760215651743855,0.7006254540963122,0.4230456428722769,0.6955445544554455,230
C3,1,D,cypher,15,0.6868217054263566,0.6884961884961884,0.3743977976600138,0.7653697653697653,0.7493460517054391,0.6881188118811881,91
C3,1,C-noviol,cypher,15,0.5390625,0.5681417361817661,0.10757643372507981,0.6711856975890527,0.5393653395429899,0.6105610561056105,227
C3,2,B,cypher,15,0.7615480649188514,0.5244807680390503,0.04893597028533573,0.5695920926851517,0.6287814247097457,0.6848184818481848,327
C3,2,C,cypher,15,0.42857142857142855,0.60991740790281,0.14373933230976482,0.7011328829188128,0.430008099293,0.6633663366336634,230
C3,2,D,cypher,15,0.6967638735080595,0.6984951984951986,0.3942581850358864,0.7632907632907632,0.7644025131713599,0.698019801980198,91
C3,2,C-noviol,cypher,15,0.4334763948497854,0.5960261139429984,0.13064806154952124,0.6757707003964963,0.5465363722495732,0.5643564356435643,227
C3,3,B,cypher,15,0.7258064516129032,0.5029101777568036,0.0029759510978846584,0.57791988824968,0.6225894004147096,0.6072607260726073,327
C3,3,C,cypher,15,0.40399002493765584,0.6068529914299265,0.13464143786873978,0.711284806708146,0.43404101853421656,0.7042079207920792,230
C3,3,D,cypher,15,0.6971216478627437,0.6994851994851995,0.39544696300657445,0.766062766062766,0.7607105235649368,0.698019801980198,91
C3,3,C-noviol,cypher,15,0.41131105398457585,0.5936152671885341,0.13029547552681478,0.6725561800218048,0.5459210915122221,0.6221122112211221,227
C3,4,B,cypher,15,0.7647058823529411,0.5061087515075245,0.010937426653522967,0.5624233947351707,0.6115311437618729,0.6963696369636964,327
C3,4,C,cypher,15,0.5355191256830601,0.5883126102778202,0.12014061917206842,0.7157097372768749,0.43853323907691755,0.6844059405940595,230
C3,4,D,cypher,15,0.7025036818851251,0.705969705969706,0.407103023187555,0.7719037719037719,0.761313927265947,0.7029702970297029,91
C3,4,C-noviol,cypher,15,0.5427509293680297,0.5680572380477021,0.1056030089420894,0.6678474888984799,0.543815923707495,0.594059405940594,227
C4,0,B,hybrid,15,0.7743589743589744,0.5420217136311946,0.08815197918896782,0.6251233795342205,0.6379318994777275,0.7095709570957096,327
C4,0,C,hybrid,15,0.6109979633401222,0.6504935786105184,0.22689751093544164,0.7401087817959838,0.44390834978182736,0.7636138613861386,230
C4,0,D,hybrid,15,0.7247479126923172,0.7245322245322245,0.44950946387870383,0.7914067914067914,0.7973867181934724,0.7277227722772277,91
C4,0,C-noviol,hybrid,15,0.6313559322033898,0.6576653633288206,0.27509370601119637,0.7137798832656669,0.5732168310481345,0.7128712871287128,227
C4,1,B,hybrid,15,0.7792207792207793,0.5456702804699455,0.10289800005107659,0.6155374841888578,0.6366529091916093,0.7194719471947195,327
C4,1,C,hybrid,15,0.625,0.6656078698418979,0.23474029048069078,0.729857312459828,0.43755599840383336,0.7475247524752475,230
C4,1,D,hybrid,15,0.7368433989627117,0.7394812394812394,0.4747326072024335,0.7871497871497871,0.7803101868545504,0.7376237623762376,91
C4,1,C-noviol,hybrid,15,0.6425855513307985,0.6769802306993032,0.2834702275031132,0.7146282870765323,0.5672014186217204,0.6897689768976898,227
C4,2,B,hybrid,15,0.7759282970550576,0.5351242679081573,0.0667698155525814,0.617943224163482,0.6415673373049425,0.7112211221122112,327
C4,2,C,hybrid,15,0.5875251509054326,0.661555270617487,0.23332247431158878,0.7249549677566163,0.44088283234468584,0.7462871287128713,230
C4,2,D,hybrid,15,0.7341775294847921,0.7335412335412335,0.46847383576606094,0.7900207900207901,0.7975371858178185,0.7376237623762376,91
C4,2,C-noviol,hybrid,15,0.606694560669456,0.6724142860047788,0.28366032384605927,0.7075334801802343,0.571566154299606,0.6897689768976898,227
C4,3,B,hybrid,15,0.7593712212817413,0.5443376857105322,0.05859134174346018,0.6402401182147255,0.6589887281738848,0.6716171617161716,327
C4,3,C,hybrid,15,0.6515151515151515,0.6218962182377415,0.23714589099505626,0.7439154835821704,0.4563466128856756,0.7722772277227723,230
C4,3,D,hybrid,15,0.7177595293540875,0.7234432234432234,0.4394898257229092,0.8098208098208098,0.8108662489952263,0.7178217821782178,91
C4,3,C-noviol,hybrid,15,0.6653771760154739,0.6692284584878431,0.32355422693851726,0.7350475571157024,0.5866740393790439,0.7145214521452146,227
C4,4,B,hybrid,15,0.7731305449936628,0.5307272822610246,0.05184693651846939,0.619959817028519,0.6338377046531652,0.7046204620462047,327
C4,4,C,hybrid,15,0.567287784679089,0.6434064306919083,0.2239013682487994,0.7369882651075258,0.44566506509057746,0.7413366336633663,230
C4,4,D,hybrid,15,0.7504940711462451,0.751014751014751,0.5010374468925995,0.7970497970497971,0.7933146651092882,0.7524752475247525,91
C4,4,C-noviol,hybrid,15,0.5862068965517241,0.648215832770674,0.2710988490956734,0.7034773741355509,0.5668728515970641,0.6831683168316832,227
C5,0,B,hybrid,15,0.7119386637458927,0.5098578994284516,0.008233155970132891,0.6347092992767257,0.6514940226487506,0.566006600660066,327
C5,0,C,hybrid,15,0.6390977443609023,0.5936603769440041,0.18038429493705807,0.6960990472729287,0.4108540454127032,0.7623762376237624,230
C5,0,D,hybrid,15,0.75002475002475,0.75002475002475,0.5000495000495,0.8144738144738144,0.8140991695193627,0.7524752475247525,91
C5,0,C-noviol,hybrid,15,0.6500956022944551,0.6299056282201462,0.24724639998341746,0.7025597570562555,0.5346172872632943,0.698019801980198,227
C5,1,B,hybrid,15,0.7315968289920725,0.5299407477321588,0.028486617276559694,0.6220929799163422,0.6418420970491288,0.6089108910891089,327
C5,1,C,hybrid,15,0.6463878326996197,0.6061113020069002,0.20118691771395433,0.6974744031498983,0.4182293608377947,0.7698019801980198,230
C5,1,D,hybrid,15,0.7352817545681576,0.7355212355212355,0.4705765997428544,0.8212058212058213,0.821211239579491,0.7376237623762376,91
C5,1,C-noviol,hybrid,15,0.6500956022944551,0.6414817360092002,0.26824922361860576,0.7116520796884184,0.5458565540444762,0.698019801980198,227
C5,2,B,hybrid,15,0.7120879120879121,0.5096371930727759,0.014311720115546564,0.6243431385995062,0.6561803568593071,0.5676567656765676,327
C5,2,C,hybrid,15,0.525,0.6164353841159739,0.17712603282254175,0.7031058255838498,0.4144320973985835,0.7178217821782178,230
C5,2,D,hybrid,15,0.7608759988162178,0.762003762003762,0.5219406370180455,0.8177408177408177,0.8205120427654996,0.7623762376237624,91
C5,2,C-noviol,hybrid,15,0.53276955602537,0.6585972625733924,0.24192343944684222,0.7124604754294994,0.5397965199764941,0.6353135313531353,227
C5,3,B,hybrid,15,0.7062634989200864,0.5091652723554564,0.013595868019475063,0.6138591374768282,0.6170040383458808,0.5511551155115512,327
C5,3,C,hybrid,15,0.6441441441441441,0.5948794152814578,0.18429265306889386,0.692516551882756,0.43650987550960774,0.8044554455445545,230
C5,3,D,hybrid,15,0.7509124987668936,0.752004752004752,0.5020214968937975,0.8260568260568261,0.8291557449051421,0.7524752475247525,91
C5,3,C-noviol,hybrid,15,0.6485260770975056,0.6265058870419438,0.24572353742519182,0.7156502098805255,0.5722862687303562,0.7442244224422442,227
C5,4,B,hybrid,15,0.7676767676767676,0.5223637984374181,0.03682597245607222,0.6227921047085115,0.6426083616226136,0.6963696369636964,327
C5,4,C,hybrid,15,0.631578947368421,0.5964430629127178,0.18701719556671456,0.6940623281158835,0.41269610840940923,0.7574257425742574,230
C5,4,D,hybrid,15,0.7504940711462451,0.751014751014751,0.5010374468925995,0.8022968022968023,0.804504302733192,0.7524752475247525,91
C5,4,C-noviol,hybrid,15,0.6436781609195402,0.6344533971164545,0.25643411717624626,0.6959357004694193,0.5387030363207708,0.693069306930693,227
