condition,head,metric,C1_mean,cond_mean,delta,n_seeds,p_value,significant
C2,B,kappa,0.0143,0.1926,0.1783,5,0.0,yes
C2,B,balanced_acc,0.5141,0.5956,0.0815,5,0.0,yes
C2,B,AUC,0.5769,0.7361,0.1592,5,0.0,yes
C3,B,kappa,0.0143,0.0497,0.0355,5,0.1401,no
C3,B,balanced_acc,0.5141,0.5257,0.0116,5,0.2033,no
C3,B,AUC,0.5769,0.5795,0.0026,5,0.3716,no
C4,B,kappa,0.0143,0.0604,0.0462,5,0.0149,yes
C4,B,balanced_acc,0.5141,0.5465,0.0324,5,0.0042,yes
C4,B,AUC,0.5769,0.6989,0.1221,5,0.0,yes
C5,B,kappa,0.0143,0.0389,0.0246,5,0.0029,yes
C5,B,balanced_acc,0.5141,0.5353,0.0212,5,0.0028,yes
C5,B,AUC,0.5769,0.6402,0.0634,5,0.0005,yes
C2,C,kappa,0.0212,0.195,0.1738,5,0.0,yes
C2,C,balanced_acc,0.5152,0.623,0.1078,5,0.0,yes
C2,C,AUC,0.4744,0.6696,0.1952,5,0.0,yes
C3,C,kappa,0.0212,0.0308,0.0096,5,0.0711,no
C3,C,balanced_acc,0.5152,0.5245,0.0093,5,0.0629,no
C3,C,AUC,0.4744,0.485,0.0106,5,0.2126,no
C4,C,kappa,0.0212,0.166,0.1448,5,0.0,yes
C4,C,balanced_acc,0.5152,0.616,0.1008,5,0.0,yes
C4,C,AUC,0.4744,0.6073,0.1329,5,0.0003,yes
C5,C,kappa,0.0212,0.1484,0.1272,5,0.0005,yes
C5,C,balanced_acc,0.5152,0.6024,0.0872,5,0.0001,yes
C5,C,AUC,0.4744,0.6229,0.1485,5,0.0007,yes
C2,C-noviol,kappa,0.0332,0.2654,0.2322,5,0.0,yes
C2,C-noviol,balanced_acc,0.5253,0.6708,0.1456,5,0.0,yes
C2,C-noviol,AUC,0.5372,0.7361,0.1989,5,0.0,yes
C3,C-noviol,kappa,0.0332,0.0456,0.0124,5,0.0737,no
C3,C-noviol,balanced_acc,0.5253,0.5363,0.0111,5,0.0653,no
C3,C-noviol,AUC,0.5372,0.551,0.0138,5,0.1025,no
C4,C-noviol,kappa,0.0332,0.2269,0.1937,5,0.0,yes
C4,C-noviol,balanced_acc,0.5253,0.6625,0.1373,5,0.0,yes
C4,C-noviol,AUC,0.5372,0.7184,0.1812,5,0.0,yes
C5,C-noviol,kappa,0.0332,0.2028,0.1696,5,0.0004,yes
C5,C-noviol,balanced_acc,0.5253,0.6417,0.1164,5,0.0001,yes
C5,C-noviol,AUC,0.5372,0.6969,0.1597,5,0.0,yes
