view,target,transfer_auc,within_auc,mean_chars,briefs_with_blocklist_hit
full narrative,D severity,0.971,0.958,6643,
full narrative,B operator,0.825,0.71,6643,
full narrative,B personnel,0.742,0.671,6643,
full narrative,B situational,0.868,0.812,6643,
full narrative,C skill,0.793,0.709,6643,
full narrative,C decision,0.829,0.731,6643,
full narrative,C perception,0.928,0.891,6643,
full narrative,C violation,0.874,,6643,
outcome-stripped (old C2 query),D severity,0.961,0.943,6122,
outcome-stripped (old C2 query),B operator,0.822,0.692,6122,
outcome-stripped (old C2 query),B personnel,0.742,0.686,6122,
outcome-stripped (old C2 query),B situational,0.871,0.82,6122,
outcome-stripped (old C2 query),C skill,0.795,0.715,6122,
outcome-stripped (old C2 query),C decision,0.83,0.734,6122,
outcome-stripped (old C2 query),C perception,0.93,0.876,6122,
outcome-stripped (old C2 query),C violation,0.868,,6122,
L2 preliminary,D severity,0.948,0.924,735,0.0
L2 preliminary,B operator,0.731,0.617,735,0.0
L2 preliminary,B personnel,0.668,0.656,735,0.0
L2 preliminary,B situational,0.8,0.685,735,0.0
L2 preliminary,C skill,0.765,0.691,735,0.0
L2 preliminary,C decision,0.785,0.699,735,0.0
L2 preliminary,C perception,0.912,0.849,735,0.0
L2 preliminary,C violation,0.881,,735,0.0
L1b circumstances+phase,D severity,0.881,0.802,614,0.0
L1b circumstances+phase,B operator,0.661,0.558,614,0.0
L1b circumstances+phase,B personnel,0.601,0.613,614,0.0
L1b circumstances+phase,B situational,0.644,0.593,614,0.0
L1b circumstances+phase,C skill,0.683,0.659,614,0.0
L1b circumstances+phase,C decision,0.717,0.587,614,0.0
L1b circumstances+phase,C perception,0.82,0.788,614,0.0
L1b circumstances+phase,C violation,0.566,,614,0.0
L1 pre-departure,D severity,0.577,0.626,384,0.0
L1 pre-departure,B operator,0.542,0.507,384,0.0
L1 pre-departure,B personnel,0.486,0.574,384,0.0
L1 pre-departure,B situational,0.549,0.485,384,0.0
L1 pre-departure,C skill,0.509,0.468,384,0.0
L1 pre-departure,C decision,0.509,0.49,384,0.0
L1 pre-departure,C perception,0.568,0.545,384,0.0
L1 pre-departure,C violation,0.407,,384,0.0
